{"schemaVersion":"1.0","appDefinitionTemplate":{"id":"/providers/Microsoft.PowerApps/apps/","type":"Microsoft.PowerApps/apps","tags":{"primaryDeviceWidth":"1366","primaryDeviceHeight":"768","sienaVersion":"20210206T142726Z-3.21014.33.0","deviceCapabilities":"","supportsPortrait":"false","supportsLandscape":"true","primaryFormFactor":"Tablet","publisherVersion":"3.21014.33","minimumRequiredApiVersion":"2.2.0","hasComponent":"false","hasUnlockedComponent":"false","isUnifiedRootApp":"false"},"properties":{"appVersion":"2021-02-06T14:27:26Z","lifeCycleId":"Published","createdByClientVersion":{"major":3,"minor":21014,"build":33,"revision":0,"majorRevision":0,"minorRevision":0},"minClientVersion":{"major":3,"minor":21014,"build":33,"revision":0,"majorRevision":0,"minorRevision":0},"backgroundColor":"rgba(0, 176, 240, 1)","backgroundImageUri":"/17227038726917463366/Na27157a9-a2f1-4a8f-92cd-b30cf70fb999-logoSmallFile","displayName":"Exemplo Power Apps Curso Dynamics CE 2021","description":"","commitMessage":"","appUris":{"documentUri":{"value":"/17227038726917463366/N6b27d12a-a1a1-4ba4-8808-9661eeaaae7f-document.msapp"},"imageUris":[]},"createdTime":"0001-01-01T00:00:00Z","lastModifiedTime":"0001-01-01T00:00:00Z","sharedGroupsCount":0,"sharedUsersCount":0,"icons":{"smallIconUri":"/17227038726917463366/N27008d55-bd5e-4e14-825e-1b99e229811e-small.png","mediumIconUri":"/17227038726917463366/N326f1e01-7c92-4c40-9d2c-91ca30852466-medium.png","largeIconUri":"/17227038726917463366/Ndca548de-9009-4cc2-9813-1852a6ce4f8d-large.png","wideIconUri":"/17227038726917463366/N6eb688c1-ac0b-4dc0-947b-c9c9ca47ac74-wide.png"},"connectionReferences":{"311cf0ca-5c1b-4b87-9063-0d1b7ea64865":{"id":"e697eabb-8b19-403b-b7d2-dfe194690180","displayName":"Office 365 Outlook","iconUri":"https://connectoricons-prod.azureedge.net/releases/v1.0.1436/1.0.1436.2319/office365/icon.png","dataSources":["Office365Outlook"],"dependencies":[],"dependents":[],"parameterHints":{},"isOnPremiseConnection":false,"dataSets":{},"apiTier":"Standard","isCustomApiConnection":false}},"databaseReferences":{"default.cds":{"databaseDetails":{"referenceType":"NotSpecified","environmentName":"default.cds"},"dataSources":{"Contas":{"entitySetName":"accounts","logicalName":"account"},"Aprovações de Créditos":{"entitySetName":"curso_aprovacaodecreditos","logicalName":"curso_aprovacaodecredito"}}}},"almMode":"Environment","performanceOptimizationEnabled":true,"canConsumeAppPass":true,"executionRestrictions":{"isTeamsOnly":false,"dataLossPreventionEvaluationResult":{"status":"Compliant","lastEvaluationDate":"2021-02-06T14:27:38.0595372Z","violationDetails":[]}}},"isAppComponentLibrary":false,"appType":"ClassicCanvasApp","appComponents":[]}}